01FB15ECS250,cou_0
01FB15ECS251,cou_5
01FB15ECS252,cou_0
01FB15ECS253,cou_3
01FB15ECS254,cou_2
01FB15ECS255,cou_7
01FB15ECS256,cou_8
01FB15ECS257,cou_5
01FB15ECS258,cou_4
01FB15ECS259,cou_7
01FB15ECS260,cou_4
01FB15ECS261,cou_9
01FB15ECS262,cou_7
01FB15ECS263,cou_6
01FB15ECS264,cou_9
01FB15ECS265,cou_2
01FB15ECS266,cou_8
01FB15ECS267,cou_7
01FB15ECS268,cou_1
01FB15ECS269,cou_4
01FB15ECS270,cou_9
01FB15ECS271,cou_9
01FB15ECS272,cou_6
01FB15ECS273,cou_3
01FB15ECS274,cou_4
01FB15ECS275,cou_3
01FB15ECS276,cou_0
01FB15ECS277,cou_0
01FB15ECS278,cou_0
01FB15ECS279,cou_3
01FB15ECS280,cou_8
01FB15ECS281,cou_3
01FB15ECS282,cou_7
01FB15ECS283,cou_1
01FB15ECS284,cou_5
01FB15ECS285,cou_8
01FB15ECS286,cou_6
01FB15ECS287,cou_2
01FB15ECS288,cou_0
01FB15ECS289,cou_1
01FB15ECS290,cou_1
01FB15ECS291,cou_5
01FB15ECS292,cou_9
01FB15ECS293,cou_4
01FB15ECS294,cou_5
01FB15ECS295,cou_7
01FB15ECS296,cou_4
01FB15ECS297,cou_3
01FB15ECS298,cou_9
01FB15ECS299,cou_9
01FB15ECS300,cou_3
01FB15ECS301,cou_2
01FB15ECS302,cou_3
01FB15ECS303,cou_8
01FB15ECS304,cou_6
01FB15ECS305,cou_6
01FB15ECS306,cou_0
01FB15ECS307,cou_4
01FB15ECS308,cou_0
01FB15ECS309,cou_9
01FB15ECS310,cou_0
01FB15ECS311,cou_3
01FB15ECS312,cou_2
01FB15ECS313,cou_9
01FB15ECS314,cou_5
01FB15ECS315,cou_0
01FB15ECS316,cou_0
01FB15ECS317,cou_8
01FB15ECS318,cou_8
01FB15ECS319,cou_8
01FB15ECS320,cou_9
01FB15ECS321,cou_2
01FB15ECS322,cou_2
01FB15ECS323,cou_4
01FB15ECS324,cou_8
01FB15ECS325,cou_7
01FB15ECS326,cou_3
01FB15ECS327,cou_8
01FB15ECS328,cou_6
01FB15ECS329,cou_8
01FB15ECS330,cou_7
01FB15ECS331,cou_9
01FB15ECS332,cou_9
01FB15ECS333,cou_0
01FB15ECS334,cou_6
01FB15ECS335,cou_7
01FB15ECS336,cou_7
01FB15ECS337,cou_1
01FB15ECS338,cou_4
01FB15ECS339,cou_7
01FB15ECS340,cou_9
01FB15ECS341,cou_2
01FB15ECS342,cou_4
01FB15ECS343,cou_7
01FB15ECS344,cou_2
01FB15ECS345,cou_3
01FB15ECS346,cou_9
01FB15ECS347,cou_4
01FB15ECS348,cou_1
01FB15ECS349,cou_6
01FB15ECS350,cou_0
